ar_office_xp_professional_cd_x10-33608.iso,https://myvs.download.prss.microsoft.com/dbazure/ar_office_xp_professional_cd_x10-33608.iso?t=4f9b4273-55bc-4dd2-8f61-0c80b5c3e788&P1=1761300488&P2=601&P3=2&P4=bWVgl7DFRnXFPNYrM9K9KVJWp7mX%2b2O0r3V38iVmeQ%2fmIRAvR2uv81kHTOFMqVQA52L12ywUKrnFB0QrAwrSZIQ4MjOp0UyhpoHZRQpfcrTwywxVNyGO1IOvnaRer1hYagYyJMCFgOcTbg%2flgFAalKsSR6k%2fVpNTcPlWjFdJD8BQc4B1UKtnPEdUJhWnnxlPmJ9oRLljyy4Op2yCJ2Nv1TgJdc4y9%2b0UgD95OmM2JfXdotgoOM4kyyH5o2RZWu%2f%2biYu226NUbM4bkHn%2bqVNEB%2fbCrDgVg2CFbaYkn4CdB916%2f4Xz44GNpzQxlShFOdyR%2bUqX1wNBuCb2hS0Ja2dleQ%3d%3d&su=1
bg_office_xp_professional_cd_x10-33610.iso,https://myvs.download.prss.microsoft.com/dbazure/bg_office_xp_professional_cd_x10-33610.iso?t=3c11d16b-c37a-4788-9eba-6c655367f7d0&P1=1761300497&P2=601&P3=2&P4=yiqrCKdQEUzWJ34OiOm1Pq%2fSdzy5t543OwyRf%2bKuCEFS0EnzwsaDFeD6EcoKymq3qrh75Tr0uykHdvNbbh6EX36hlfE8y58bKh1uDXPS5ty4LJO62bdutCzY9iBPBI0j7O0bO25JJXJ%2bVs6CZb6HaBe7xtwVEyGyMeVzD1qtklY0%2fvLN%2boxzp9HqJHsZBcVbstcRxT1pRYedwZX65gCGAx1p3HPxraRc%2f%2bjhQdRPFO2Gn5pfL749SeoufIDurjzt3eXEp0LwZ51XXVNYpIZ9VfFapi1J2LGs8arfw8Tj%2bhyrdzwbcCkBjVJ4WhzJxjc5GevhJr4SRP%2ftVSnNLVD0rQ%3d%3d&su=1
hk_office_xp_professional_cd_x10-29041.iso,https://myvs.download.prss.microsoft.com/dbazure/hk_office_xp_professional_cd_x10-29041.iso?t=294148e8-2687-4e28-9727-65a3e92c0e75&P1=1761300504&P2=601&P3=2&P4=Q3FdHKWOiXdF99wSq8PZxlHCTvHTQ5wWFHVj44X%2bKXQF6HXu3ky4Jctmy9kQVPBKHfcCoaeg9U5x%2brgI329n1LKrTPpxAsg0B6DcVbFO4ggr8jkWmvDbroc61HTC3jJbloZdgGlWh0SHsTtWlgUeZ9oyd7iQ4qP4cyX60KajkRyNyxb0XJ3aCXY7j6rfMpUj02EP%2f%2ftKXX5itrk4M7kb7hw52rH7yz26gl9EA7UhWToe8YTwm5OC39DyVZK7QFI8xV%2fC%2fGZcexUecMOK28NiQki4YmQNxEq9ld%2b5qJrk7LD5dOsV%2fv3M8lWe6aBAi2oJblITMS3ddllxFpnNiihI%2bA%3d%3d&su=1
tw_office_xp_professional_cd_x10-29012.iso,https://myvs.download.prss.microsoft.com/dbazure/tw_office_xp_professional_cd_x10-29012.iso?t=3e1e6e17-6d56-4e55-bfb4-7e4409e9773a&P1=1761300511&P2=601&P3=2&P4=CvN2Uz1tyrzm%2faPlQIiwgXUdbGTso8BJjdMZp0SOdEgYkCiFR84IAAhhpza84nLtyJwuRTg5UBJ3l7dRFBI5vC3VkcgXc10XGZ7ViRkBILep9h%2fWzHFatEC0c5czqDuhnZTQXVhvyoaqM4xhLIFVAgrHEkwS4ZtRkKMdQHApRPZOctqRJaAHr%2bIKcY9HD3SAR%2f%2bvWKczXMg96%2bYsK70bVxlDOVHTx%2bY3Bdg%2fN2cwUy%2fSl%2fNwN2kkzxiziCMw%2bFU56zyk9YZvD38NxdOJa4iG8THqC9KwL0qYC4NFCjGnlVg0CMdnCCjgU%2beYVVie6H%2bvcb1jsbE0lY4hphFovcIx2g%3d%3d&su=1
hr_office_xp_professional_cd_x10-33613.iso,https://myvs.download.prss.microsoft.com/dbazure/hr_office_xp_professional_cd_x10-33613.iso?t=de41ff0f-ab0f-4d40-864d-1790f0541b4e&P1=1761300518&P2=601&P3=2&P4=de08%2fKyRxT4T%2bfbqa6s30HyIF1WPvV9s%2bwHH9Xe5IZJfEMZflAyL4lxzCbVoq87ocKUaps5Us1gXMYevjJbXM2VyvV16izYnJZtP%2f7pjkk%2bQRgOyFFpLerMF040TflDa%2bnhnJCsQZ0qluorMUTGZShJiHf4QQQd%2fB2haCb9GaZyneFhN4NVueZdlrZW9qVzryW%2f0uekSZW2Y9nM3pvApAjTVEzVapGXm3CZEHG5397eN8xA42RqyPOifmkTm5LMZTKSD2N2QPrqF2IrXK7i8MlOPyTjSCOVqyuFr%2bB%2bHxqizjDdcVWVjnH8MB%2b20Gfkcyatpj0LyBZVJuwZaZUXX1Q%3d%3d&su=1
nl_office_xp_professional_cd_x10-33614.iso,https://myvs.download.prss.microsoft.com/dbazure/nl_office_xp_professional_cd_x10-33614.iso?t=097faabe-8bbc-46d3-a1ea-204ec7ef70fb&P1=1761300526&P2=601&P3=2&P4=N5THSPV4DyI5UF4bAMLEwKLToYl%2f5QiJyMn7StOO%2bJ3uI%2fV1rNYh%2bfpw4BwnFogxtuK15436EfuyZxZzGlfBqcrYaqiy0%2fk0LtxMRXrK2f0w%2fEXOvxRTKnkOYYR140vksAOhSDiY1dOXaFXXPNyf%2bpIObyJBgJDnWoNHyUL5CTZWci0Tm72p72r5Rgtfh3hMx%2byFdGvPrgnbfrDCU45H65EEi7KvMO7GWvbeueUg763nZ%2bnSQ91mrGJqffBJLVvo0kr%2bjUrvG26fToHD9x0ni0g2uQWkWtzQ1ofVvm1lzhNLGqans1bN0WrhgsduaMD%2bFRhApAt94U3ibJKsfq9Eqg%3d%3d&su=1
en_office_xp_professional_cd_x10-29102.iso,https://myvs.download.prss.microsoft.com/dbazure/en_office_xp_professional_cd_x10-29102.iso?t=4949d51f-7372-485c-8852-b7468e9ca18b&P1=1761300533&P2=601&P3=2&P4=t8L8Vdic8yQ%2fWTKQcjUeKu1l%2f79upnC%2fPOi1d%2fuJi28anQvBE%2f9g72nl1vwhW0ytlqMB0e9j1n1Pcs742yB32HFpJ2xGemr0TQHAh8IdjhonP3%2byVfb9R%2bUeU2axPU62x1T5Iur0ojFVrOwNACcGxS7BjH%2bKp4eKJnfq%2bGcHPt6nIbwwWvgCgbXZ4JTJ6klxBoN%2bSonO6uvrkQ0zl1Bipo2G0wBLO0Wca63w71bfi4NazaWEM%2frQB0ttUSZ27ePQPfI44K%2fdWGyzhUGgKU5EJGlfk%2bli%2b5K%2fAL0UE94onjWowW3SiEIrPEXb2MXcdIpei1LSGeidI4OarPkoO9fmjQ%3d%3d&su=1
et_office_xp_professional_cd_x10-33609.iso,https://myvs.download.prss.microsoft.com/dbazure/et_office_xp_professional_cd_x10-33609.iso?t=b1ea20ed-87e2-4469-9f65-22790cfa264e&P1=1761300541&P2=601&P3=2&P4=po3MOtOvwyBrSvD60gXHocRd0IWh9ctSdKZm00pMmVkyfwshY%2frIZ%2bWiemMj2%2fKjiomqxOYmiuu0GOKBBSayqxzhFd1hhFZ9bYCHkocQGeDL1PCcbdDsB4ExWX6sfR9VNGejVdKU6QdDUsydENwc1Qc45JwAe3V3gV8HJ61G4kOHm2PP8sv5nfIg0rNJVdCxzuCGxsoUCUg74JqtEYTIfd3B3JWng9tLD5%2bnRmS%2bkQc7OG43neA7X8geMqhrVSj%2fYuyp3Qdn93PvsFuQaRhJ%2fDcgNLLjSI%2fPerlIMRfKbR5SWIu3VGi0HfuWQkZtQqb%2bZWge9v8%2bPEfAEMHKrtRC8Q%3d%3d&su=1
fr_office_xp_professional_cd_x10-33615.iso,https://myvs.download.prss.microsoft.com/dbazure/fr_office_xp_professional_cd_x10-33615.iso?t=f0bfeb60-0fd5-4c7b-af49-b93aee2a7359&P1=1761300549&P2=601&P3=2&P4=hoiz2xFESeJEvvdcfbGfqkTiQ63QSLGLXS7xeHMDLiGwRsz3hZ7bLKNQJPxEcp6FNbuYhHyyy1%2boxXrzuTqKNMUh4%2fwNkpkyjXgFEASeRRiZIrEtnTbU%2bmA0Djq6HDfojqbxc06Z%2fmJeXJ47dYfRrs%2fQQ0Is2Z%2bAgWpV90KLoyo9lm%2fMV3TcYRIjadzejbkNx8vnxSuNMUSPezBVagrLXxm1xxhTl9e7nXy0JKtafnM%2fkS3nF%2bau12IZTOQRIiocjRFHVKLYN%2bmWH43D3n%2fDaWdIyhoyGmSZeDj%2f7dadcNBC6GONnKAPC849a8wJjuiSuAjYqr0em%2bE9U86sSIGelQ%3d%3d&su=1
de_office_xp_professional_cd_x10-34050.iso,https://myvs.download.prss.microsoft.com/dbazure/de_office_xp_professional_cd_x10-34050.iso?t=7564ff85-4980-4f0e-b3c0-1241bc592cbd&P1=1761300557&P2=601&P3=2&P4=TJee2CIwInI%2b%2fl%2fC7M5uk4EusKCP%2b967ghlYjVrmKF2vWviJUUEedEC8RV2Hj5bLoGAQHOYGbLCvcMVhy0444sujqciRG1ZcfGUl%2brD3FXPnJSOBw92QL3Ty88Cn5va6045boLr5ZCCzViUYy%2bIOZGYfXNG%2fDXlC6KMoaJN2IhbF228YO%2fsZNX9bGuBTgLHAUfRN2ajyMzGiL2H1k%2f9lI8prdvsD6oXUGqqgVJQJqIXWO7zdGZFO8CZ03tLgvbdTINJLk3mmVFIITPoLqJkIB9eTBhNjk3r%2f%2fuCPb%2bQOk6OHQCbT1O%2fDcMdxz%2b3K3mM3ql1EWpKJ5%2f9SmL3%2biKHzkg%3d%3d&su=1
el_office_xp_professional_cd_x10-34032.iso,https://myvs.download.prss.microsoft.com/dbazure/el_office_xp_professional_cd_x10-34032.iso?t=d9e999e4-9b90-4dcc-9b2d-7cd19f60b956&P1=1761300564&P2=601&P3=2&P4=Eh%2b95YVmcQtm5mhncpHxzDBTFwocqSpszWUVWhb3MhQpi5l52DBiNcO3H44KJNXDsE45QXiJGwu4ch7mYuOL7kU04xucJPFlywyDFW5TD5jgn7P2U8Twsx6Peip0q%2fqoiHhkNa4okCLLlNCzcBKH%2f0VCSQUZA9V9pRMhVhwOzL8drSOk%2fPPRcumk04qSA3tWwb37nut1GNLxcBpatgfccKVCudKmyhXwLPEUBoEWnzUjJCaMpr0zEpdgVHpPT54w7JFa52eFXcRpD1SuN1yeYpZcKmIQ1MBWImtoaMXHgxz2PWNYDw16Ej2PIhTaSSQ1tRndP2P5afPCzE70ydJ2pQ%3d%3d&su=1
he_office_xp_professional_cd_x10-34025.iso,https://myvs.download.prss.microsoft.com/dbazure/he_office_xp_professional_cd_x10-34025.iso?t=095cfc7d-2c98-4a32-866c-8b8faab6d18a&P1=1761300571&P2=601&P3=2&P4=0FCIdU0e3%2bR0tJ0gIsqoDriipDWx8YInL4DIGtZtCYI437A27wwH9cPGTqsMOM9G9nkOMGXclzl8%2bdxYn0EW2p3BWlqrkxENCjmhDVu83i6LQarTP3IOxrAC9dNgy9fj6eG5V0%2f8xUWUeQlXddcg9M3ZOcdBol6dBVIZazf451dVWtSwx7Z%2f4HazoIHv53rY31MS6B%2fklJdvvxjrUdvuJgqoQZui6QWlweLukWRGckxAH5mhfnvZp2NohN%2fv62kYbRAxc5RFkQU4XpU02x3PX7JwSeIKbok99vP3IiKfVXbSp6mhcFcpL4HJx7qu1a%2ffAgBRmVvDzofDasSCfaff2A%3d%3d&su=1
hu_office_xp_professional_cd_x10-34034.iso,https://myvs.download.prss.microsoft.com/dbazure/hu_office_xp_professional_cd_x10-34034.iso?t=4cfaf2e3-8d36-4cf0-9f50-2352183e03b3&P1=1761300579&P2=601&P3=2&P4=vUn8tvIYkvzQhEflYcd6IENfgjLGCYW4tXbCcAoipnDFax%2bE8j%2brg2iC2vV5u6qvt5g37mTFNA5%2bplcO8k70MdvRlvq0LTMG%2f0Mc0FsG%2bh2CVPZYK5Fzq50oICqgAZY6%2foyHPoMCf63vVy6RV96EVAP7l1%2bB6yhFiEYEJea0OAqMKshjaUIq%2f0J%2b%2ffpFttcxzlItXak5JpEsmBs8W%2bhAHj3Cs%2feN2EasHHDi6PRSIM4pj6PAJUvtHPEZKzEtDRAi%2bZ4E5cZ%2bU%2baVpjfe6v%2bLqoGfDYIRwqtuP9aG4nYR4KsG3HraK6ZyOOo%2fjymhRPRfjoSfX%2be0uRQlCTLjp9QloA%3d%3d&su=1
it_office_xp_professional_cd_x10-34055.iso,https://myvs.download.prss.microsoft.com/dbazure/it_office_xp_professional_cd_x10-34055.iso?t=f96f00d9-5f32-40ea-91e5-e0859fd27f64&P1=1761300587&P2=601&P3=2&P4=o6g7jtUkwddTizfpiNh4uKZDRu2TrJf5eQoV16n31kL4SENQlkIk3TPtrl6avg8pT4g7nZHWC8ddV3QCQIffENrF3LCb568D7YZ%2f%2fqC4bLxO8J63QJbGjNWkx%2bPoQnfL8omGAkwL1eDIgerVKWq3%2ba6p0xfCbMx44AiGdXiYQAt1PUyxKcrID9fJK2vTShEj0wInsnFHaq2m4cPcF0lQ3qErt1MaoW11KhJ7JhOzYiwI1%2blAJDJ1zN1h7hkLcC7QYPStsSZpmWCHh20ZjXvoCQK7XazVCcgk9b69S4oC9Gop6XmwY4cq%2f2GEbIiXKSUVz944QwO0er%2fVT%2fjEgPKjfQ%3d%3d&su=1
ja_office_xp_professional_cd_x10-28913.iso,https://myvs.download.prss.microsoft.com/dbazure/ja_office_xp_professional_cd_x10-28913.iso?t=3cf80858-b49f-46a1-9759-1d6cbbfa3c93&P1=1761300594&P2=601&P3=2&P4=L242frJE3jaZGhgwSDkXDs10FlNnhefKqIH4tIXgESOqmK%2fOKugxPkYXnwwEbyGEkOvuzhXrnEnXuc31kOV%2b1xwxcZGmE7cqvmY%2f12Chdb8CMWRmxy%2bZCzR4%2b6KTcku9nfpN4kNVAfB5Dzk6xbRmdw9DUnkl8lePxt%2bK%2biZ%2fZPKNeibQ2xUTRMiWqymY5QHPU0NqyALzER1Q2RmZ2r4tNc40doHcXyPXCK2zF5Kb6hMhFXTNsNVQWAo8xnqEi3MwuQXwASVDDF2bv3q7x3XxyEAXds2YyWxzzK2oA6gqJnxv5hexe82%2bnvx819b6rfhyfP25LY8uNX9N0PF3HrBAhQ%3d%3d&su=1
ko_office_xp_professional_cd_x10-28906.iso,https://myvs.download.prss.microsoft.com/dbazure/ko_office_xp_professional_cd_x10-28906.iso?t=58b8b49f-aed4-46e8-abf9-7b52ab22d734&P1=1761300601&P2=601&P3=2&P4=Vj2FrqSRj5brw7iPbR8foNNM9ns9%2frUzmpIyh0bwBf2rZ7qqHM5WdxxmrqAQ81DSFiz6OzXiQJRpLxNmbxmAF62vaDdcTIwPfDBeAdHVPx%2b%2fTiC%2bGRw6Omx8%2bF8YCJOSr%2fbGjCBqnG0GEuBRw41lFMCVKZHhxmGRQmKc2JaQXJzOxYst5zSSXq3twOLJJwsNPhO4uqMhF7IT9%2fsqzu8BMVdHdSaE3ctjIfzjzyellegIOpurDCkfCRKRp4SPagLVBSQMDDQkJ8ihuVmATOoyL1YXQQ4%2bTKGtK93GNihAvUsYtUtxl%2fz5cUULZKgB9YQ6lPswpwJvZW%2fUdhF2YR4Vpw%3d%3d&su=1
lv_office_xp_professional_cd_x09-86274.iso,https://myvs.download.prss.microsoft.com/dbazure/lv_office_xp_professional_cd_x09-86274.iso?t=4167705c-b789-4ef5-ae50-c5bdb8e4006c&P1=1761300609&P2=601&P3=2&P4=PxNUAYdiy8DWBfYFVe4QIfsp4NiN%2fGXbKYwHSmqwtDdgiXePAtsnQxACjA7I2qutqxlob87rjKmftHEJNOFPS1gg9HqqeoGTTTEZ3nTHP2Bz2DvuL9JCRr5MP2TBV9pciV0XZYgCJTBEk1qR9u%2fv4yF2borSfVQUz5NVC3kzbHiK5QuaFVeZTHI5gx%2bU9V9h3u8Wy81CQinV8fFnSlxH4k%2fwR%2bJytoEW8d1EbmcaDEUSonBiUI5xTpHz%2ftGBaWV%2fA46kV04Q2trWVTyLd3xe36i13ftx7tVySzrnd%2fjZ%2f53PcNTixzR%2fJPaXXAoRVPz5VKa1vZh0mbffjnXdY7cGHw%3d%3d&su=1
lt_office_xp_professional_cd_x09-86273.iso,https://myvs.download.prss.microsoft.com/dbazure/lt_office_xp_professional_cd_x09-86273.iso?t=2cbcb2e4-279e-4b83-b531-eaed68167ee9&P1=1761300616&P2=601&P3=2&P4=oMQcSoQNgunrpAaKgMgPa67ChVQ7o8b9vepSgN%2fIwCfqn0FPW%2fUequyuSof9j%2fWYbBdxTh%2f3dUyg6z7Egt2m3AuRrhKVlz1DpAqqiHZJ0ANGLRDofYCkxjSakg3Vs3ob4NTv0VDqcjC9KVmvkzbcToE8fzqHUgzfyN9uMKO3LKBnn0ziZrn5r0lS1P1Bi%2b%2f6DYUd6CBVMtvFvZNi%2b8c96%2bQcoo38b8vQe%2bMKBKw5X1hj2CjPSMSB4KW3i%2fZj6w%2b%2bF1vMuZ94Fr0FBP3NECsKhfCDwy1Qy%2fJeJcakxc%2biSNwjRDD7oRn0fnWoOuvlAfskUyvO8pWpaOJ6SPciXLsX%2bQ%3d%3d&su=1
pl_office_xp_professional_cd_x10-34054.iso,https://myvs.download.prss.microsoft.com/dbazure/pl_office_xp_professional_cd_x10-34054.iso?t=8d046d05-9b9b-4336-a7b4-86874db7f2a8&P1=1761300624&P2=601&P3=2&P4=Sc3Y9ycOw7VcUNoXd3ROqBOVtH9O4ENS728QnOz6DPOh3fmJhD5YzSKMT43hkJiMPr%2bMI4okvBrdLXD4iYIkvHSsjspBGWuJIXAUCbJ9hB1ikVKhAea0oEqoHzI3%2f0vsDNnX52bFJIesoMPC%2bXLTEiLBuztWdKWEAGR%2ffUshjcQuZlcLgOWHvMpCXI%2fiZ8ls%2bxTuxbGdoJqoNWAW1bn1of1udL0EzvliAMfjUULiolHqEKPmmvl5drL%2b5DftH%2fWwbpsWYZ5udQq6NAJ2QSCDko1zU4huoqsHPMyne%2fobm3REk3qQx2A5P6kQWMUgZms1NobnnKDQjivmaekvpNF8XQ%3d%3d&su=1
br_office_xp_professional_cd_x10-29100.iso,https://myvs.download.prss.microsoft.com/dbazure/br_office_xp_professional_cd_x10-29100.iso?t=84091181-4f9f-41c7-84d0-1d2ab31f1744&P1=1761300632&P2=601&P3=2&P4=e3NoEUtxeiiCJOBrsIaYjtDMQwnzVXx1KrgVMfCrpw%2fQUsjBy4PjkwxsN%2boa%2bZssitgceXXBbEjjSuPg7ucXx4CnjI87ekuI2PBmL%2fzv5pN5R19%2bfKWHk9viqbrqsisuDF88e%2bsOKhn9x%2fJv5ZytFzYTwzFlUyD2jmoJqYFX6%2fCLQWPgCxQ77UQ5jX2r6so3sXR8AvCAIlD7gZV411Tjua32pnq5%2b39two2C%2fcOok3xSyB3%2fMlC6AdjBTV0xwsb6r7ozMueieODLqKUU1iueWByUJ0uszWessa1QPUFXSPgkw%2fPLf1t4xDY5%2bgY3Rgbl0w8ud1p7EezSUGQ2nljMXw%3d%3d&su=1
pt_office_xp_professional_cd_x10-34036.iso,https://myvs.download.prss.microsoft.com/dbazure/pt_office_xp_professional_cd_x10-34036.iso?t=e02ec40a-c809-4a59-afbe-0e860d9d669f&P1=1761300639&P2=601&P3=2&P4=nUQ2usSPeqDz75tpOOLC%2b2hJpEHG4W5KILuwxJRBPjgFnCziESxiMVrM9akKNQjgxeyI2aKIZybAJfXRwdWHHo2Vd8tHayCIIf1KLfU%2f%2bKdp1hvcvg%2brZWGXoUe0p8aaG%2fBcPZZYUvlLSv2rW22spzLJ45n7WinTGiVq1UlYO6m%2b2psNvDTKFP1UVbYphN0EB%2bGYQl2d7KIM%2bOSNv6RqbNC4biXcu%2b6GyY1455XaA3U1dYxB8K7GmBvMjvrRbj6igB136HUuDH29Nz9K%2fRqi%2fY%2beTcVyK7x%2b4ZOw9mR7AgoF9u9g4WE6OnbHHGMjMqrd1merfQbSR3uLN178i6Y3Xw%3d%3d&su=1
ro_office_xp_professional_cd_x10-34053.iso,https://myvs.download.prss.microsoft.com/dbazure/ro_office_xp_professional_cd_x10-34053.iso?t=13bce195-d9e4-4775-85ed-021d6a93274c&P1=1761300647&P2=601&P3=2&P4=2riazG9pa1yhDsoGnkEwuGmtglnfgHQaZTLQjhain2qJWuxGXfnaa%2ffV3rvcaLuVqYJTcXHr6Z31yCT424lURjqxDCT02SqHB%2bwH1CU2VRT2G6vb1O56G3EzgDrN4rsbZDs%2f4x2tsuUj0PCakr%2fQGKzIi7jDmPgNBBvA0CfarjfeTTrZAJwjHaCL6gSilSuAwZDZDiGbkaYGkGkY53ocFW3GcgsWTscMuKxHc4Ku9z39y5ZnUUl3h%2f0roNB0e3Oo0ZVOx7ykt2SFooOp%2fsZxScV7BGYGzAq832VgfgF48M1Gn4QEFnxydZhtPm8fIVrWkrRJnhmuGn8jjE04T75qkQ%3d%3d&su=1
sk_office_xp_professional_cd_x10-34030.iso,https://myvs.download.prss.microsoft.com/dbazure/sk_office_xp_professional_cd_x10-34030.iso?t=0cce0a68-28ca-44a9-8f5f-89bc9d1a4e74&P1=1761300654&P2=601&P3=2&P4=bBVyA0%2bncDgj%2f1nlObNJF9%2fPjKVlSpMTgUSbuPLSKZ39U4Oc6pp8g6S%2bPHSSUEDPAsxwgZ%2bl%2b%2fyDR2iKlV3HlBWIi2LNuA0judOwuxFLjMFurn0CzShWWA3hwqIYGg5L84W3h5EcQJYMi6VNOnXOrCItCeANnQy4idmr38Hmr4Szu8jYfsMRXX1yXyyG5i0HR6CTu2t%2bZNsGJ768Mq3nGnGEbM6sCfYuyakg3bn4qDBehnOVkuT3sG1jWtFKItDkaMHnB6p12qKXSa3P37cbyBtsCY7N%2fNublkhclOC6JCct9rwj5MzvMNJ4cninlwkZo7N%2bnydlkZyuIwCDDD5Q%2fw%3d%3d&su=1
sl_office_xp_professional_cd_x10-34028.iso,https://myvs.download.prss.microsoft.com/dbazure/sl_office_xp_professional_cd_x10-34028.iso?t=b40bdff5-7bdb-4943-afee-ab125d414086&P1=1761300662&P2=601&P3=2&P4=FSG9eYK7JTZ7nO9IwN9RrrmKzbEW3aNUvMqluIia%2feAiOK85YCTy0vhB2MpeWvfaspBIDpVsyYaG4hJPh6GWelQrcCluN9yxW%2fLOojovvA9Hs303CG7C5UYNL8lE9ZetDs22zsI6pKMKNKEFse66J6hgczzbIYBP81UMhXxAFWTwBnD1EYvbPxznQJC6TjStL%2f%2bpXtAkkp45Gg%2fUdhWX11JfDT3QcUB3LN0h8VK0atAeiD5%2b%2bIQ3UvdNCb4vUypAq4nUyINoD0893eFCV6lQwsDrmd7rOPoJ3lyJEP3uBYsINmh7r4RmXhYSPO3YRTwXwlylcFZlAG%2bVFUMsywPBmA%3d%3d&su=1
es_office_xp_professional_cd_x10-34045.iso,https://myvs.download.prss.microsoft.com/dbazure/es_office_xp_professional_cd_x10-34045.iso?t=e008537d-863c-4941-abbd-8c7bc3192053&P1=1761300669&P2=601&P3=2&P4=nGdearOf9caZ%2big3MMScWBxYdFIJO%2br09kDUqt0KEIWHTO459ieq3XuxiYib%2bnLYhtBUwFWzqyJyO5h%2bgrEHzEY738RmgfMNZpXt3jnJcdVdCGId5di6mLVyx1RNzQ%2b9U2HBgzHE4%2f33sOi%2b6dWaUqHg95bLhiGy8pX1YkbiHD5a4ZfnljiP0FtdZbfAipUmBNlFzkbocNSP6JRtJMSuOe2Pz04%2fBE4J46pGGhVboXyafLV%2fgGReBFI1T3qIzr7u0gb54%2fgwzZbYF2viUyuOZmecTwVTXwX6F%2fImwKoADVsS8pY6YF6%2bFW7V6o%2fVhK6%2fdh24Rpzb5WGxCETVYPqW2w%3d%3d&su=1
sv_office_xp_professional_cd_x10-34038.iso,https://myvs.download.prss.microsoft.com/dbazure/sv_office_xp_professional_cd_x10-34038.iso?t=a2bcbc67-47d7-4ef6-985c-fd3aee5044cc&P1=1761300677&P2=601&P3=2&P4=fH5uxhUFKpuZoOPO%2bgWM8KvYEY70RJT88jegnCKhSYQ54vxx7piPBoLFV7ej%2buJJWCV1Z8FmA6fSo6RknrmgbZCLxsiVG%2btX%2bWxJ6OtqQGD7F4nQkg6uF37%2fKN4cSr%2bKxxFMpttFgif0sbHepS8860Cx75BTBaczEq3QsFUsSkab%2biLhpT382ObbTn6Ge4YWBa9VGayaluJ0ZhAjKneD0d6gf%2f6oYeSrG93WPS8vdD3i0uO%2fvqJxNh9rV4G2OO0CuSVUE8ZLN%2fY%2bDH%2fc3J0xEPxWSgl6V6xjVFb41Q7PvlRRpbZvy%2f9E%2fi0tnpLBXPLhO0WmnZBpcGUs5JT1EItToQ%3d%3d&su=1
th_office_xp_professional_cd_x10-28935.iso,https://myvs.download.prss.microsoft.com/dbazure/th_office_xp_professional_cd_x10-28935.iso?t=777a2165-f389-47a3-9cbb-a7a280009f4f&P1=1761300685&P2=601&P3=2&P4=rx2poXj7JL5uYtIeyGP5qh3blLzBc%2blmGMPuoxmggQEsg%2fdLSMeJbiZ5S4dpL3%2biP5fKrwe1rKCV3NWIFjZsHOl%2b6BSMfAIfT7N5P88OyztRXNlHenXbDGDOBwgqSk2Fl5FncA%2bUCdyTZMahHC%2bZqvLnaShcAOGjJQZlV46fNo9z%2fGWzc1Pv4nw007NVRLYTA3rTns27Mfuii9e3Yh6GtI%2fz4VU9FaCYEQivantfM9ON73ONMWptVKZ94Luo1og%2fi9XFBLxtNkei48BbzRpCiJTMxQTr7W48WOzCuWvT6SjvakgdaJ2huBnToh23NsZi3eVeMvQfuEIDbxVesQfbUw%3d%3d&su=1
sc_project_pro_2002a.iso,https://myvs.download.prss.microsoft.com/dbazure/sc_project_pro_2002a.iso?t=dbaaf50f-47f2-4b44-a451-963f250fec48&P1=1761300692&P2=601&P3=2&P4=EpQP%2bW0q7ih%2bm96ETN7gUHZHEtQGfxZ1WGvy5ELmW3kjkfKRlFP1wBiCu1De18ewouDUPpi0bg5%2foR1CtMo4EKnLRQcTLnrAF3JlUn79eMu%2bFNX7cul36vaaqz3DyubKncUOxZMv39FkgM0Nh2CKmLmysgpbZhJLW10H2OIc1z04UWwCK0MYfA4QIErYaUIUiYql0XnBx3u5%2bZrL3hB0C9Djs%2bcJXNxfQKs3aOLwl3NnoYqV4hT5ueYK2q6CKYc9b4augn4lFrxQzdP%2bZDSBJTDiflqZpj%2bQlq26nMIkSpvcHolfUpjiv7RahZm%2fGuj2RSKOmVMSuuhJImiGUPf5Ag%3d%3d&su=1
cht_project_pro_2002a.iso,https://myvs.download.prss.microsoft.com/dbazure/cht_project_pro_2002a.iso?t=f8722682-5d92-4155-ba2b-18c781e0b3a9&P1=1761300700&P2=601&P3=2&P4=dy65sHdw1uJSMqL%2bJ4h1ch5L0DFa2nSLKBvfTEL7DJVglm9nXExnLP9zbR9Yzywu1HQZ6sNnlPcNpLDlkqT6Tn2W5RK9ZEeUxF7vZ09eXWtxEj%2biM3o63bWQUwOa9RfE4NN7Fs%2bGoeJolJFR1yPUX%2fVvde7Yfy%2b4wu2%2bPWmTimuP0qyZbnvj1gATnoD66ZbplBglSSAEWX0hjLEk9quEY0s9sokS79i0PnOLisSSYbRwJ578s%2btbSVa7iqz1epwGeWuVte81cpTfSmAnE8h4nmmEb7KU2ZJIKZnNiBxPnR8me%2bYXBtbwXaGdcnG9aUHzrXEDO%2b7hralrG6mvfcTXWg%3d%3d&su=1
cz_project_std_2002a.iso,https://myvs.download.prss.microsoft.com/dbazure/cz_project_std_2002a.iso?t=24701eda-dc72-450a-a75e-d8e6a34eeeb3&P1=1761300708&P2=601&P3=2&P4=KZV4JYZJCMx%2bBo2zN4k98kAiKLLva%2bfc5R2i2FuCuNEMdy775BFwGvemrfkJWK0YXSfnW%2b17QgGI7nnt9Sgoj%2bxYqd2p7IzhQ8kRKMHX5VWoA1DtBXEUUcr4toXQhGgizeQ0qAjepkBwWgsQV9jW%2fbzCFmoBriBoawX3XL4ARwawXk4x%2fndW%2bQCnfGYda5a6uHRZd3usdk4TUTd9GXkxCSSbLE%2fomjl0y9YO5lBpRqwUTU9pH1VVF2Bp6LN9ppK%2b9%2bURn9BbgHDwVhs%2bSsGVna%2b7Mk51yx1ADwap12yUXWu8MtieorNh23GvYJqDfTBiiXMNgkxEtAGicd9h1HcQMA%3d%3d&su=1
da_project_std_2002a.iso,https://myvs.download.prss.microsoft.com/dbazure/da_project_std_2002a.iso?t=6944e808-b2ac-4285-b0b8-9b28b452bca2&P1=1761300715&P2=601&P3=2&P4=f9eyG0qdntORmA%2fUM0C7sw%2fG%2b55qfkgV7Y52fA48q5JvD8SBiLqcb1W96g7gurz5u02bXDL8RZS393oJy4nJTX13tZZX4NddauiNna3T%2bBsSkl9JF0pKbp2z%2frmGVpZ2pbe2Lno%2b4gui93AHTX3DrtvypUD8eu9K6NRuIl1JnTJqk96AmtrEmurREXCniEyXfUPtoRmNrD1p94JgB2xlhNZCnmLuEFXup3ZxAiziKrHxS4a1s4AANm6jcfveRaHJZ1XyUWXHDEOjWD%2fMbkK6vqajYPJXZdNynaaxCPhgWlcCeQYKurYCxBinwmFtpsuhLGpTHgPwKePwwV9t9HnADQ%3d%3d&su=1
nl_project_std_2002a.iso,https://myvs.download.prss.microsoft.com/dbazure/nl_project_std_2002a.iso?t=915540b3-1efc-44a1-8fd5-c0a6ae17702c&P1=1761300723&P2=601&P3=2&P4=bDXhrk0EmRnnZtn%2fKq%2fg5YMuHAEkyXowTZjB7eDREh0UvhiY1ndnd4SqtQN97THQ16Dp6YKKGv2j%2b6K3rwQ4cztyqgDsW7yzAIet%2b6m3iMOxzl4SKEBYBJ1JPSfQPTmHu%2fVMH0wXT%2bFHQmm2L4KZxUw0caqgjr93wCtDUNMcR0gAGou9e0heT4875UT%2byMezeN76KBAilsYhoIHYNKvXIJDKCzRtibd5eZCAlXJvxwVGCKJN%2bc6%2b0klv6uqcY1K2pY%2fgInO2VEduh7DXli6kZjdWGPU2xK8l9RdaIIIbWl2%2ffq9mCVOTo2J6bSUxaHnrxdWDtmdZ7RBrjn%2bCATJCUg%3d%3d&su=1
en_project_pro_2002a.iso,https://myvs.download.prss.microsoft.com/dbazure/en_project_pro_2002a.iso?t=036f4a6b-4f73-48dc-bb17-12832e41f905&P1=1761300730&P2=601&P3=2&P4=sxWDEfCbN3aUNywqNBMb2uFlNsNhGaiZPRiMmkSYOz5kDqXVN9WqlgdMgfMw7LrDwrWYJZkJtydzhjX%2b1zgrD%2fjJ18OsG8MXIxC1gJsXD5cy98BbWHRlk4PnQ1yDO88SD9%2fhDvlckWcMq309pPhcuUbGrJD%2bA2hTReCUCQ8f2%2buuU9uE3Dx1QRWsyOz8jF6H7FD4AcrQ3TFcpHNFvCv6M0lqtWsMKsBsfQkYGTnKd17SbZMu60yK%2bz%2fM2F08as6O0tXDgeaZPzM7v0ZEXVZjKm4EokBQnXXh5Uf622S3wr9HSQaPKOepTZwt9v2UwdNBx%2fqF6zlgGgCh3CE8CsRHDA%3d%3d&su=1
en_project_std_2002a.iso,https://myvs.download.prss.microsoft.com/dbazure/en_project_std_2002a.iso?t=95de4b3f-55b0-4a55-aa54-6f492ebf3ff5&P1=1761300738&P2=601&P3=2&P4=GNYk%2fkOsYpRuKmgy3XFs4GX%2bBPB9bpdEneUUctKgHJXHrM7xZcKw9y5KHoTFntaGVQVQLUgRxgXGyEyQgJYSyeC6Ttfa7%2fr3L8OCs7fdS0E%2b9nQVHmzO4rYJrFbHCKLKSRwKfnN%2fsXhaDQUe0uS6ecC1LZGdH0zjzmM7koUkz%2f86AypcpU6Anjf9YxEITUdHfm6GaQafsME9vHanEKgXkI6i5tjFw%2ftSKPdoyvECM9KEK%2b0%2b0JjeEHfRHp4PiHbAdy5Xh%2bgUYXdIr57o6P1NWOe3aNGkLv6xWcDnA%2fQIjh3hWF0GuEVebOOF4JmgyauTz8f%2bBTdCU7pIdDr19hL11g%3d%3d&su=1
fi_project_std_2002a.iso,https://myvs.download.prss.microsoft.com/dbazure/fi_project_std_2002a.iso?t=aa0ae1fe-59eb-4fb8-99cd-5a4ea42648a5&P1=1761300745&P2=601&P3=2&P4=cETkMvoUSDbifxZbrpAIZ6Eos40DzQppMxCX34COh6T9L3uEHbuFNVKL1%2fnrUNTxJBPUm%2bpEI%2bzNjZx8x3UVl6PSpOdwhhIo%2bK6Qg6OnQjIeODXIgcsBYH8NKCV1a7PU0qypZb6U9POuXfsF5SM4PE5dFk%2f%2bDhSSDAAIeIn%2bCVbp0mcUGH1MOgk9LbGRdFM8prs96skseXA%2f5XJdlVT%2f9ET6zLoDqMJdxFh0InTM0Xex0b%2bgK5WZ7WuLiWpac1OD8qUVNRibdOvZJmCJm49QqUSM7nEu5qxgU2xTNgwBoWSjn4hR2R2aoYhGR%2fTPwL%2bb71OvzwxFYT2XIoWq2Cyx0A%3d%3d&su=1
fr_project_pro_2002a.iso,https://myvs.download.prss.microsoft.com/dbazure/fr_project_pro_2002a.iso?t=cc3ad469-20ac-4b46-9a92-df2bf88e09b8&P1=1761300753&P2=601&P3=2&P4=AByoNvCgLb5hR2tLU%2bsjGLLHZmB%2b6UGBg3frCufS7HX7PN%2fDv%2firii0%2fw1hXHWLOoPdvkvsdJ%2bJOBL1MDcIQiep105CWo6%2bdhv005HNdbl29qPW8rHXnfgcxDZICJexqAIYfW1TNLAbqMqdON7ieCfzFo5UzeMlf0g68PzxMWsXp98ggLTZhy7K1oSfbFZoWGfpDHIR%2bAFlH0imKxqVL15Ilpb6QYb01sbupo6P2h%2bylIy7B3Ow2eRw0D46xJSTQJiTrZRgFKMHZFh8pW4jaeyIXVk4fbcG1rU64KfgwMObDEXc%2bk%2bIOKEAtU5qjzLJMVxHli9roihPIBYT8WLXTsA%3d%3d&su=1
de_project_pro_2002a.iso,https://myvs.download.prss.microsoft.com/dbazure/de_project_pro_2002a.iso?t=64cdee36-d7cb-43db-b9d3-4ff6b848e384&P1=1761300760&P2=601&P3=2&P4=F7Hp%2fa%2bO%2bhfbTiZsvzLmNoCcFKFYUfR6ZAaO5RA65ZM02JQ7rspuaZ7CxtfEz8Z0Derp3%2fV3NrtIabLgGtG5JvX43UqHecq2O0R3fOJyyjUFhHjsmAIDSyrYBNNjcUK7QoD7C2abFToFeDLr3gZRy0t%2fOPMQrME8M4viBtnGEUe6zcCdHRxPuHvcaDPVvMn9Y0von8Wd%2brxKyqkNyAnLidjUadliKenNn5aHvwYpGYbZnKfbvAzfL4MTGIvQqETmsdJl51ZcUykeFq2N21zRsxsHiUc3lTkMTcvlEtt8U3aeJO2ZrbgbJ2A6dEjQ%2fauQa42dY2LNRCTvx42W4Bb8VQ%3d%3d&su=1
he_project_std_2002a.iso,https://myvs.download.prss.microsoft.com/dbazure/he_project_std_2002a.iso?t=2c4ce1e6-d347-47bf-99d4-f1fea3ba609e&P1=1761300767&P2=601&P3=2&P4=sD1L5PK3d8qafLRYjv6LpYG7jUFK2wIsP%2boWCaF1vl4NggdYYTqlS1LG%2b%2fNkUnE%2bwferHnHAlKJ3%2bLE2i2sqUlGdtwtmCLqSH5GzNo7pHKYq%2feTHKVAFsJ%2fgoDzueFXpRT0qsGP5stD2eK4qHuDbVw35p0rEFoQbbWZ2xKoA2CLNoMnfiPrbtj4kmkCKuHFggIr4y4s368yyEvrtnOnieIUIl1vDXUy%2b13GfoixQW2Zy5vVhEcuSRolIMN80XnUGqgBLfgB8j4q60mdnNUl0%2fmNGabr0GLpB2OzLQS9NAnATFum8CkHry8V4MJ1Wd01gkM27JzXR%2fBT0HGS%2bR9n2yw%3d%3d&su=1
it_project_pro_2002a.iso,https://myvs.download.prss.microsoft.com/dbazure/it_project_pro_2002a.iso?t=e9f94bc9-b9e6-439b-b2a9-f5192ca4d720&P1=1761300775&P2=601&P3=2&P4=M4pPsCSZi5ZWU2uMgXCMIVobPS1QIMpMYTKgKawk95CGcXc0uEdCRV0i%2bLHgOkNJovNgbtLS142quU2S6dhDhcLgjjnyy5hnQQF%2b0wTojReRturS2yMQ9RyMaWrabMe%2fVA8BrpPCswUVENFmQrMWl%2b3UEgmow%2bySG%2fF7WwooRPnCj7iaQdV%2fDfWYfxXO4uKeZpyaDzO4vVTR0%2fN%2bdjnuqTSRLo52jJ%2fKkjJ8Qe%2fGNbM3fGlGXh%2fK4foSRYPwFXh4eZVEPIAucuRxZ9%2bsj7Yzv54nvmFu8Pj0nOlnWbORGWHpQ49k1EykV6gljpTZZU2pKfoonE7whf%2bqPLB1xw9PnQ%3d%3d&su=1
ja_project_pro_2002a.iso,https://myvs.download.prss.microsoft.com/dbazure/ja_project_pro_2002a.iso?t=c6da1b4d-539f-4ed0-8e2b-8d8cfbdac669&P1=1761300782&P2=601&P3=2&P4=tBvo1%2fdtSaYCK8UifhcfS2OOCgHncGiLsn%2faZ1LX1a60NGFpL83ePZn4K8lPfdyo0wlOtdkYI7peGpu8EPycdl8%2fUk5C4ZdfXs6vCzzzS44smCQYKfjmJQKy84WN0oX1RXPt1nsvgkOrZTgQF%2br9P2nSte5EXzdScZ1g6mM1i6vLik8HRue34CyU9uT%2b6FaKZGB22kXRlCLK0yj1%2bkl%2bMrV3ViLM1PKK4XILPWVKIra4q2vPjGxVuFNXM6%2fTSCB%2bpFVaNhEef3sxlIeUkIevsVdg7Y2S4DBgXruTNWaPuay9izbDFi0AeabwzqdEK8eCSWLUfdr8r8M%2b4CKQ12heKw%3d%3d&su=1
ko_project_pro_2002a.iso,https://myvs.download.prss.microsoft.com/dbazure/ko_project_pro_2002a.iso?t=8c431cd6-df8f-4536-be4d-61b90821086f&P1=1761300791&P2=601&P3=2&P4=GO%2fmEGHrz6v99lW1jW6m%2frZHLMIev0RSTUTvji1tVxlRG24BN04zNl0UN8B0UqIFkaYW0uNRN5LWLyGhcbbygW72sqUrJAMWzn5jNSeEMKVNFtBruezgknTabkcOCdSD4W8S%2b2lEouDSXRGwojBCa5JUmOJZp08Q7ez1wnQjZZwsj94bwIzHtEkl5FyJczXbvgENlNvH7SnMKDqbt3TvI1Ehu%2fQDQR1tYBHnIPW9yVtgfPfHdjYgJRDJm0NLGPdBNUrei1krDnYeixgAGzCL3kDxCQXl4jTAxQ5nAt9YDkElUzy11S3mm%2f8KEjX0of%2b6jfX0jlBoliPdo81FrFFFAw%3d%3d&su=1
no_project_std_2002a.iso,https://myvs.download.prss.microsoft.com/dbazure/no_project_std_2002a.iso?t=dae8cfa3-0f9c-4d41-b119-4bded587646a&P1=1761300808&P2=601&P3=2&P4=0UJmXSyQadNvHDUyubuf706SMnYpzfQAYhzqB3jYQ6qjLLgVyfFQzmsKNEIyUNpdInhE%2bqW029zEXfFKr%2feyj02YJO%2f%2fu1JswSbL7BuJV4uIOv7WkOKLWg%2fmMfYP9E7wPBXhVY0uID%2bkK%2b1Nee1WfhsGQuZIBiZSQwUuZ2w5gp7gthxJE476jx6quKTcH9akhqLMTevFEyf3wrRwluW%2fVK8%2f%2biYspfWBj%2fdeZ5HYp%2fN5wSCWm78ec845prHu5iO2gVC6lRmR2bNfdYtwGTF%2bmCErBm5h0E2%2bjuM%2fgr16ywLRkGIjAHKWJ01JXBY%2fZI1A49spW2gAwSkRXF%2bTUJzH2w%3d%3d&su=1
pl_project_std_2002a.iso,https://myvs.download.prss.microsoft.com/dbazure/pl_project_std_2002a.iso?t=ff9e4753-a8aa-469d-8347-12d39f07f1a9&P1=1761300815&P2=601&P3=2&P4=X2SuAnq5mpoKBQAlofkPX2QsuJpKlhuxFK0mYAYUDpfMcUefHRB2QxELgx9b7gKu0CNI%2foLFJdqmqD%2fGuSgPj5kRfk%2fU0W3lZx30ImJw09vM71pC%2fcN%2bPw2YhvtAWUKKVE6twdddIaNPD3c88seh8uTEuLV08ZxaaW4l7%2bBddzmDKRoMSlR7m%2bla5REIbpvsSg44UmTPJXlcuxqdVJXhZg2qjY%2banXq2avazMdLfWsm%2benCybFD2qCC1ol91EjWon1RxNejXC2m2YrEj38IPA4rB%2f%2fHTjBHadBPFgdZ9TEh7bMschiJ5GniySoLBVOJ0YW0YMJp6KbMHAhZYNPLeiw%3d%3d&su=1
pt_project_pro_2002a.iso,https://myvs.download.prss.microsoft.com/dbazure/pt_project_pro_2002a.iso?t=678fa3f1-4915-4f70-8899-a929aca069d6&P1=1761300822&P2=601&P3=2&P4=msQpY9W5VgrlFo4a2oIvhXr6kiYilpy7Tg%2bYkKt4jCPUdlvsheKwkt0jlHGMXfZeqd%2bHDUkM6RUegOvnbEY48i9%2bYS98JyPFN2m8Ohn%2fIkv%2fu5Ea3cGBW%2bZN03ECT52rE8wWkBStXdwsLpAc6SXZytOvPrQjCqeI%2fXahG4WnfR7qUKj2yPi4k4PWimCZDe4iFeph%2fRc1nIvqqyV9OuzOSK0UAb2TSIrm5j4U1GZL8R9phsAkuRfhhPed7wrpElm7QtymuyNYaCmV3ZPAUN%2bFn5fbIj%2b0KS3JhtCnHwdfJogoLxo8ZXqf0aoHcsJv6mCEW%2flVXjRYxU2FzRQszSXL6g%3d%3d&su=1
ru_project_std_2002a.iso,https://myvs.download.prss.microsoft.com/dbazure/ru_project_std_2002a.iso?t=72c9c6ac-ac0e-4b4b-ae3c-00f1e1dba4bc&P1=1761300830&P2=601&P3=2&P4=Et7YGMC7osNHZYJ4mJUDXW5EAdkE847eXlBUo0JMG5ZoykHi7qk82egQkAO0PwBjEzMpbekVhGCZ5SD4meqRyjoXUcGE8TV9%2b2LNwAEBIPs0WkVyOLyvIZ4%2bxSNcbqnE1bhWO9VwKqzkn3LehRWs94f2iOM0rLiDtlM9H9PmmUt6m%2fQEkCHEPT%2bWQKMyJL0sZvm5DZhEYiSoBfl4c2k5bgHkFj6LaazOE4bTmXwEOFsheq3Lz5yOXC0LFDt9Lpmbkwn2NKQiKT0en16IavuZY51g2gjUGFkv3iS8YZV5bluGuIdpvVpyvWmNYALC5P0jfm5XRUrWZ8bua%2fZ4lG3cPg%3d%3d&su=1
es_project_pro_2002a.iso,https://myvs.download.prss.microsoft.com/dbazure/es_project_pro_2002a.iso?t=81711694-b0c4-4ddd-8ef3-9723bb681a81&P1=1761300838&P2=601&P3=2&P4=hW7wFoyqt3%2fQ2LqxXXEzpVCH639WBBiDIiZMvGsSfcSZIARqQUGemJxke%2fE5DE%2faC2pYu3p84TX1gSx2ECIl0cdDE%2bIoG%2bszKU4GzeTLWwoYzjrmDOJ2adPblxfqMsif5pBpQF2FZrnb%2fxR3e%2foZ1L4PubE8dvTTcc%2bTGD31W38equx5DBpk9F2yQax2kWIDidHpjgSfaacK64HmXa1UyomAS06Ypf53wtVmVHLRi9NAc4BoFVRSTvTVbpwpc1FSUtZzqrzr2UxnhGSqGT4XK7umnj0JIWWNcM2G7D6pUOHdrruZqWBOPP9I1hkTlgt0%2b1FQ9GwDxQoudWngsx5r7Q%3d%3d&su=1
sv_project_std_2002a.iso,https://myvs.download.prss.microsoft.com/dbazure/sv_project_std_2002a.iso?t=3a10f2ba-378c-47e4-9d46-0e06845f7fd1&P1=1761300845&P2=601&P3=2&P4=K16o%2bnuc9xzNm6i6eb3wYVHiiXvyvsmpNrYFm4gY%2bTmyfq8SBlTM0nyMnfrJEJdoSCwWNFuMGGeAkhWgySmXxtQ3nge15OtiP%2fcxyVEZbz6b0%2fKW0mBrD7o7EPJHEyHO8FSjCH1IcLgrNJg60SdbE9Z1PQALGK5dE08oiKLz%2beyClPPeGqI9D330izEDjpf%2b5yo5CUUrK5TlAljlK8y9T%2bYeUBfQTcOF8cAzGrk3l9e7GiidqT9iY5wJupDWfxJvD1GP2A63DNsD%2fRnJexmYLYqsWlYitask8qRI9ai61JqXOAXL6KA1sUZp3sYpriBFJYYaI5S%2fm93UEjgMc%2fobWQ%3d%3d&su=1
sc_visio2002_pro_sr1.iso,https://myvs.download.prss.microsoft.com/dbazure/sc_visio2002_pro_sr1.iso?t=31c0c1dd-5651-4ae5-a320-f3f72e53dadf&P1=1761300852&P2=601&P3=2&P4=mf4jXKZ%2fn0pLcO2brMX9bv1jnA9LGD5ZI8Q26pirW4O93K7ZsTqnWLYpO0Y3KGE7sYQAXoYgA2OmgsmSR3vnyJjoQVC9f0jZM0sq1bEFx1%2bzPCC1kX3%2f5fvRmGR%2fz%2br7vu9W08oFX4ifWstqiydbiAWe5%2bj00rJ9TA9EbyW%2fuhnxlmM62hKSVf%2bgnQRQad%2bS8lDzOy0TzPiLmZx%2fyyStwa2SQkwJZg7KzUOR%2bbgnVCYML21n575HNDe81AisHo41lC%2bB9tetb2eudN4xZtx8UW87WGRoLm4skBzEhaaxYiXwHbKjivX1c4ds5Kjiqjnw%2fmUtHVmgtfKe9PTmsj9jbw%3d%3d&su=1
cht_visio2002_pro_sr1.iso,https://myvs.download.prss.microsoft.com/dbazure/cht_visio2002_pro_sr1.iso?t=3ca9a3e3-d596-4876-8636-c5c587517be3&P1=1761300860&P2=601&P3=2&P4=k6LoEOc86f%2bxA%2f1ZwQ2cpJEIb8Ig8WvzvcgC5qWeIEo40ZRHAACVkwW%2bLRZuuAVDYlScVIx1EAPdiKJgG3xofFwzTE%2bKzxVPoCpdXCqLsxiRK7InAAv6QEpSgeAPxVGun5QL0B0ytJjyeZUVNxyypHXPm2KopQ6QURR%2fxsnAJ86MA13f0RJvHPCYoOZUe31YTERFdc3dMCRfr86GHKqIE754NjPd9c6vSMIfXS1%2fXQagnbwJIBXQmrCgAdyOidve1YEZwnhOcSeDx0ukQjvX9Qh4iprlcyL4tFNquGt3e3%2fcblR51I2k5duJabVyVnh78%2brg3JgwfUHzacRYcsMccw%3d%3d&su=1
da_visio2002_pro_sr1.iso,https://myvs.download.prss.microsoft.com/dbazure/da_visio2002_pro_sr1.iso?t=73cc6fb7-701d-4066-b67c-f0c012fdaeba&P1=1761300868&P2=601&P3=2&P4=madhFejDh1bB%2frnaya%2fvmZHq8%2fZ7V1h%2fkF8qVX%2fZzEF5qaC3%2bb3W%2fxM9M8JLn5Ynm4hZcpZJkr6O3hRSiX5B5g955wK4jYHPJQ7iQ9pSmmI%2f1HMJCahbs1r%2fzSspoYDLXsqG4DZm6gWVs87f2ROy20volxErzjEhHh7X3j7EVaYQmtOZWE9Mth1VdaKPePY3Sqjup50Z7A23%2bQYJ25dwgaoH%2fjCdPmOO2wKTdpFn%2bdoAf0i1LeSJdTkMUwsAnaop8UwaF6xvSIMc%2bODt8zSBebJ%2byjElPVvVuUuKyTR9KmnWOwCdXqY%2b5gU%2f8ZvTjtqpyyMl8r9OgNBglU%2berxq4yQ%3d%3d&su=1
nl_visio2002_pro_sr1.iso,https://myvs.download.prss.microsoft.com/dbazure/nl_visio2002_pro_sr1.iso?t=960bcb87-a947-4d76-9b55-7b8cecc29af5&P1=1761300875&P2=601&P3=2&P4=tCVCCaU4j2qnyBBQPASCXBx86X3jWKinttmT%2bTj8vzNTrG8xCUl%2b2tIMuPzNrV3VjsFlFMwCTJlmHODyZGsyNuHNrW%2fLE4MMfKqJip3dFyrJ9%2f1qIde32jN5xcG%2bruisBQUT5Yy9Krju5Vt5%2bR0f70tSevmLE6S2Oe9Bf9qcN1eJ4w3DDyByu1kx0Vqo3hJ5YYfVFprL2XqgYDiSVoP1yXEfda1twLLPny7%2b0utcsvDHeUbF%2fl8qVJwK1NTfL0dOsbwDqEpkB3MZfOBz9zOYeDF1AmjUJ95HBhJNWADXp%2b6LHwmL5FXd0KOA2nw%2fdutz3kaVATCr8JcQUoaHM3QVKQ%3d%3d&su=1
en_visio2002_pro_sr1.iso,https://myvs.download.prss.microsoft.com/dbazure/en_visio2002_pro_sr1.iso?t=b53b60e5-81cf-4f08-bf9f-478382034d3b&P1=1761300883&P2=601&P3=2&P4=bLyoWoiApasaG2DzXV8pgYikxQoQyK%2bRS8eybkm7Bn5jJ1ixNkoSoFejuBldNJQRZvPFxTNcoRPYkRReu7Phv3mVGwuj1A%2b8m%2fGLGdmNkrvEMM3tfMUU7FMGEG3GHQnwWRUbjN053bwMk1NgbZuHAZXaUCNCQETSwKLkBzAY9Ds0wpgG6pKgjyVC5zhNfd94x%2b7ilsoQZmcvE9xIWJv2MmH%2b93Gy8Pvqct%2fgBQcZv23%2b%2ft5YT6DSrvvSAquwIGgb%2bnfvv4HOj7jJYjOU1PeXmRDfAyS3EseWWUC7qW0%2fLUIfLX0OBjgYKFpRzaBz7jd3dvaSBqXwR71PPiYdPz1mhw%3d%3d&su=1
fi_visio2002_pro_sr1.iso,https://myvs.download.prss.microsoft.com/dbazure/fi_visio2002_pro_sr1.iso?t=8f41601a-8b39-4cb5-ab53-3d75901103e3&P1=1761300890&P2=601&P3=2&P4=lflZ7MRXqarJcKfI6hMLnDQxQE6nrW7H0nujNGRtl1r%2boFNjWqb6QO%2bXR%2fsuwlWjUEUJpC7NEQdqunhs71n5nDhHC1v29sVcVR1d%2b956SHju0Qd%2fNaVZQLLUQYnlut%2fRp6KolUfFz%2bO931vco9vB1Hau3sa%2f9rIg%2b%2bvnyuJPVpagvJ%2fAigeVnDI8hKQtznJigbEMOqdV2P4G%2f6AaFG3g1hs8yWixhNyScClU7T7476B%2bhG3gFBIgiqXBjNHkCkki8MOn8LyeLrPcXTdkJsDEMoNJeFHbNYp5p%2bZgAVGdvDa34%2fcHy%2fPrJAm4YjlIpNcpMPvD6w0WD1hDUE070Ex6cw%3d%3d&su=1
fr_visio2002_pro_sr1.iso,https://myvs.download.prss.microsoft.com/dbazure/fr_visio2002_pro_sr1.iso?t=b54f1f88-a04c-4c7a-beb8-07d1f95b452e&P1=1761300897&P2=601&P3=2&P4=PjzocOTU9pnUCKk4hM1a36EnrltzqVCBcGAvsOxbMEMEEmY9zK2yNSGTg9eZQLMla1sKTcEMuw8ug0Dyin532yUJcGpL1fF2gGMDgBwrXOuMfhq7pSOdtmscUUOUhcQgJhY3IDkZNRIubzSK5B3dH4FCasea9Z17bTy6l9KtAkJr6Zi0fySZIOXuReYzgcGp6FN%2bUCNUXv1kmtVQajWCerl6oOLE%2bV5LlcewxFKaN%2f%2fVuBOJVUqJu1K97hQ5lvrh%2f9hhLpvszmWdrjY5CjhyYgn1XUBnwX%2bqOgtuQAjYyC9XZd1B1uMS2uss3ImBBwhkisT8%2b%2fg%2bKDmu%2b%2bevFJLi4g%3d%3d&su=1
de_visio2002_pro_sr1.iso,https://myvs.download.prss.microsoft.com/dbazure/de_visio2002_pro_sr1.iso?t=de7c6850-da6d-47a1-a67c-843890db28de&P1=1761300905&P2=601&P3=2&P4=kltsuSQwvKrtBWj0U5GqMSy9FIct0FD7Hxe2W2tAdtCLs6LnjdZTOdtOfFJwgC9uvF22oUQSFsb0A1FOcea63NzTsznXEylmPRw%2fzIh5ubGgMax8dY%2fqXjUKM668odNfT789xOtfXwtskoXiaLLblwqsJuNI%2fckUuf1hDL5g9jXHJjQA3YknEEp9T9BRMIaLNT9nm3lSL7bs2unKrxUQpHzqbHtZlz631fjYT5BvX130jyquO6S3EgMSYZAi5yAmUrOpVNzWrLVrznNAbmVX1FB4p%2fQ3h%2f%2b3pusjyp7lh1%2bEYO4tfFtRUF%2fettF9LtZYId7zKlKvs8go6jEx6oW4FA%3d%3d&su=1
it_visio2002_pro_sr1.iso,https://myvs.download.prss.microsoft.com/dbazure/it_visio2002_pro_sr1.iso?t=952f6593-60a3-4c3f-96af-630c9d473619&P1=1761300912&P2=601&P3=2&P4=WFx4DVzjAe9udkZwv9rX04%2bBfc%2bjafq0F83Qav%2bcQ53YovRLCuvI5VHNcBArIjhySbkoO7eBO5MT8tI47bL7%2buhrlCKaC3bQfN%2fUjSXSpjMP7rZ7luI3t0LAso8TtmU9SGHXXFB7GUs%2bTp%2bI4airDQoVV6drZUQGUODPk027uj9HEUddKybhn%2fF1VnHbNg1sneFlWW1Jls7W3G5cSthq8OR0KwDbH6Sp6xr1KrsvUwU0MwMY%2bMTaPSzuoIdDtBNtD4d52sJ%2fEWlST2%2frMhwuWdlgjbMP4uLQMA25HopwX6KCpOb2Jbd%2fPvNeVd6QEmq%2bYyRKOG9xhwlG9jdLXPw6mA%3d%3d&su=1
ja_visio2002_pro_sr1.iso,https://myvs.download.prss.microsoft.com/dbazure/ja_visio2002_pro_sr1.iso?t=dab1560f-633d-4f87-b97f-f25a18e0285a&P1=1761300920&P2=601&P3=2&P4=ccq3GF%2bdSdUrsVXu9OXKCpcJVCVkaPw9oRwO83RS9uqLwPMUen%2ftWeACJ6KyImEnutojA%2bhqsiV%2bbVcQaKDBP0GDql3mkAqjsfC80IM7qWWMwre5vaKC1xsL%2fIxXVy7tipdz%2f8g%2b6vGW9uQbq1Un5%2fixpAXB2wO4OTZOnWF3T6eiePqp9YykRPBIDre7ICOY6MUcfht2iAXxWAYkMnHv6rgB%2bS0Txqbi8FKT%2bEKHZNIBHDKsgqUh%2fj2EeAKPYwyCXQ%2fl4q1mS5F%2b9ezbwqM2jKiZ2DCCKNUZpbjOl2lJBM34LUcFttp8VZWgl%2f1aADR%2fsLSPnqBjn5KMKuUwnva2jQ%3d%3d&su=1
ko_visio2002_pro_sr1.iso,https://myvs.download.prss.microsoft.com/dbazure/ko_visio2002_pro_sr1.iso?t=8e48e4a1-d06d-4ac4-8687-82fe3c073dd8&P1=1761300927&P2=601&P3=2&P4=tc9cWkxUjDnvkhKxq8t7bFNoOSczXkyr2qu9ryJrOvfYmJwb0W%2fdEEMsTetJR2yAUrU3e4Xsak414pTaGA%2fVTtZBmSAwawGhzpy2HztcWoYyuMNxgM19FRvhMguMdPhrv07HXEL6cOXrkoiuT49m5JgBJgxD4VMYHQDowvtQ5AZUvpiFon6RJw1BX9SSMv6D8f5qXMwke2352hmrhMu6Jtxfj6RH2Dpa4nWeBXf3mggvvZ5nZMI7gi3GjyO7akcOr8jW5y9bD%2bwB616Hg74qlCtP52pY8v2muC2A0LmUp%2fvl4w5wfyPQ2yf5Rlf053mIeN8bAbLcKzV8gvic54vIyw%3d%3d&su=1
no_visio2002_pro_sr1.iso,https://myvs.download.prss.microsoft.com/dbazure/no_visio2002_pro_sr1.iso?t=5ecad114-2a7a-4544-8e3b-c4ff908a3381&P1=1761300935&P2=601&P3=2&P4=CR%2frlsf6Vd29CE489pfsEMOpnO8fdI3B%2fNZ6dm4YoDYzFWzi%2bXjayDM6qGoVK3pY6SP3I2ydXOxk0bYPaAXbGn3r4LQpVsS2x9Ts%2f6Ql5k%2fy0V4QTo8vLgyVoR4D7yQqt8RAlON0yC%2bPEFanuTTljKgt2GhyKOKlbSUeGGzEmXnupXWDm6k4LIT2u7pCYfrhBhNkpJxKTHLogzy9ZTBpMBI4W1EL9OVEg1tN5QmjZ%2f6fjc7zhiAovvQRVrkj8pVJTaDkkdGp0SXbArOCcZpSH%2bPE%2fy2zKV2cvRyH7BS1iOblt%2fxwoCMBQ8a9JSLjLCQn29nHDCcPPrHVt2npA6E61Q%3d%3d&su=1
br_visio2002_pro_sr1.iso,https://myvs.download.prss.microsoft.com/dbazure/br_visio2002_pro_sr1.iso?t=8f193dc5-511d-4095-9cce-fe8e258511c5&P1=1761300943&P2=601&P3=2&P4=n%2fbhh0VmZ%2fy8PM0g7%2fPzZ1hubcbw7zZZSsISKwMbUmU%2bG42R18y7gsOH43DtvRfy4xwGWqdRFE48IByGkVVyK3OcUtSg2U4Qxr%2fl%2bbKUbciTr%2fgHLvu3p02f5JTvfkyKVBhqR0SztZUvkFljDSFyfgyrDPBFa%2bEb%2bpRRX1YOYQhipSskD3FwCD9pe9%2fsM1ujDXOhhHVzi9OxdvkIEe3IesxmIAJ0a2SWuULLqgNSlqPgqXhp8%2f5QwqNm0fuHc7aK7uM3NnKodyEOQcBmZ%2f2DwntIt0HAuYlH%2bXwq3hBWhWXNhGuhE2b4vlKeGVidzQ72Qti%2bs1RuzvIQvffA0oJsKw%3d%3d&su=1
es_visio2002_pro_sr1.iso,https://myvs.download.prss.microsoft.com/dbazure/es_visio2002_pro_sr1.iso?t=d3aca598-7fdb-4dc7-bf33-48fa707d8005&P1=1761300950&P2=601&P3=2&P4=0asRfRGzxENl29M24NoRV21ozehACvROpzo5v123mYt62yhvHiYRtCXuKSpt8rmPaIwJxlaE91RpWwFQrxM2iNlNIRtCWoRPhIWJjXEDw11Yo2xHNgn94U7hzAfbB1L5pTKuVRS3LnTOFH%2bBmn1LVVmqK1ExZ2TE1Mn4i7XIkudG9pbefyN9IyDpAMPlken3LpAB6lVWjzd0dz3xrPbezVsRAW1jGBc3DblUvJWPGRxt3hOpYlOsqiuf5d4raaJIj9dGUwGBLB7qR5ulEEpUE33NJ4DMIAsaROF8rNlJWW3jEd5zYn2QgE6bdLxLJ1NEwpA1c9eCIap3MkuHgo4qoA%3d%3d&su=1
sv_visio2002_pro_sr1.iso,https://myvs.download.prss.microsoft.com/dbazure/sv_visio2002_pro_sr1.iso?t=33fe1416-ba08-4a48-962f-a464725801da&P1=1761300957&P2=601&P3=2&P4=ZhA9fjqAUomfuGBfPC8nC8OxpnSs174oCEelT5qfxjyFQOBCz9S7BBPTno13j%2b7DlyTG%2f%2fZVykCGk%2bZaFJn%2f%2fy%2f9Pd8KRmcPR88PxRizDD5v%2fFf4ul6YgYrGB10mMGaTDqDpNBW30EqSN0s0b%2flS0VZolS8Edq16zR3LelZcBOdG5IjaxEfxn55R05OoeX9VGxy5%2fFRtJg6ad8cuVkIEj2PHhbhNz8TSpGkmKEhQRIIsTX4UOFWh3dbYiPKNjD6HlnODytvaPgQX38%2f4YD9SNZi7AFEpch0kHGCBAizFln%2bD60A%2f5CAVwOBVcjibH4hwkcM19bnX9y2Fx5xpdZK6Bw%3d%3d&su=1
